type,match,kappa
gesture,0.9593023255813954,0.8139678615574781
recipient,0.8810663021189337,0.8332596994493016
speechact,0.9066985645933014,0.7846239794351515
theme,0.8742310321257682,0.7399656303944003
